City_ID,City,Lat,Lng,Max Temp,Humidity,Cloudiness,Windspeed,Country,Date
0,vrangel',42.7297,133.0839,37.85,83,100,10.42,RU,1711576405
1,port-aux-francais,-49.35,70.2167,42.66,85,100,29.19,TF,1711576405
2,west island,-12.1568,96.8225,80.58,78,100,8.05,CC,1711576406
3,adamstown,-25.066,-130.1015,76.57,65,35,12.8,PN,1711576406
4,ushuaia,-54.8,-68.3,47.86,57,0,9.22,AR,1711576382
5,grytviken,-54.2811,-36.5092,44.89,86,86,13.33,GS,1711576406
6,albany,42.6001,-73.9662,46.42,79,100,4.0,US,1711576235
7,stanley,54.868,-1.6985,40.59,83,20,3.44,GB,1711576407
8,whitehorse,60.7161,-135.0538,42.1,64,75,6.91,CA,1711576407
9,paducah,37.0834,-88.6001,57.45,38,0,4.61,US,1711576407
10,tiksi,71.6872,128.8694,-12.55,96,99,5.91,RU,1711576407
11,rongelap,11.1635,166.8941,80.37,77,35,17.02,MH,1711576407
12,kertih,4.5141,103.4483,78.82,94,100,0.0,MY,1711576407
13,botou,38.0667,116.5667,48.02,79,40,2.73,CN,1711576408
14,mawu,29.5923,107.3139,55.58,93,73,2.01,CN,1711576408
15,papao,-17.75,-149.55,89.28,74,59,17.07,PF,1711576408
16,udachny,66.4167,112.4,-28.77,100,41,4.59,RU,1711576408
17,olonkinbyen,70.9221,-8.7187,25.25,65,32,3.09,SJ,1711576409
18,badger,64.8,-147.5333,39.97,67,75,5.75,US,1711576409
19,ribeira grande,38.5167,-28.7,54.0,71,75,34.52,PT,1711576409
20,alice springs,-23.7,133.8833,65.21,92,100,5.75,AU,1711576409
21,aasiaat,68.7098,-52.8699,12.69,86,100,11.1,GL,1711576409
22,iqaluit,63.7506,-68.5145,6.53,71,20,13.8,CA,1711576209
23,port douglas,-16.4833,145.4667,81.41,81,100,4.07,AU,1711576233
24,yerofey pavlovich,53.9667,121.9667,27.05,95,100,11.74,RU,1711576410
25,yellowknife,62.456,-114.3525,25.32,39,20,12.66,CA,1711576410
26,jamestown,42.097,-79.2353,41.02,84,100,11.5,US,1711576178
27,college,64.8569,-147.8028,40.06,61,75,5.75,US,1711576411
28,ixtapa,20.7,-105.2,88.32,25,1,7.29,MX,1711576411
29,cannonvale,-20.2833,148.7,78.19,85,67,11.48,AU,1711576411
30,bilibino,68.0546,166.4372,-8.1,97,92,1.39,RU,1711576411
31,fatehabad,29.5167,75.45,76.23,32,94,6.93,IN,1711576411
32,haiku-pauwela,20.9219,-156.3051,82.22,75,40,20.71,US,1711576412
33,longyearbyen,78.2186,15.6401,24.64,63,75,11.5,SJ,1711576412
34,bethel,41.3712,-73.414,51.51,78,100,0.0,US,1711576412
35,maxixe,-23.8597,35.3472,71.22,82,3,5.55,MZ,1711576412
36,nova sintra,14.8667,-24.7167,66.56,75,66,17.87,CV,1711576413
37,avarua,-21.2078,-159.775,86.05,79,20,4.61,CK,1711576413
38,fortuna,40.5982,-124.1573,55.92,95,100,1.01,US,1711576413
39,afaahiti,-17.75,-149.2833,87.67,74,89,15.46,PF,1711576413
40,serdar,38.9764,56.2757,48.45,57,30,9.64,TM,1711576413
41,hawaiian paradise park,19.5933,-154.9731,78.31,84,75,11.5,US,1711576414
42,bardai,11.65,7.2333,81.79,10,99,8.1,NG,1711576414
43,nagqu,31.5,92.0,22.87,24,75,4.29,CN,1711576414
44,gadzhiyevo,69.2551,33.3362,8.74,97,38,10.56,RU,1711576414
45,winterset,41.3308,-94.0138,44.53,43,36,13.29,US,1711576415
46,pinsk,52.1229,26.0951,45.63,64,6,14.76,BY,1711576415
47,vilyuchinsk,52.9306,158.4028,19.67,68,67,4.16,RU,1711576415
48,taroa,8.7058,171.2275,81.5,79,74,19.75,MH,1711576415
49,port mathurin,-19.6833,63.4167,78.08,64,85,18.28,MU,1711576415
50,mangrol,21.1167,70.1167,76.64,77,59,12.77,IN,1711576416
51,codrington,-38.2667,141.9667,56.25,84,95,2.57,AU,1711576416
52,port lincoln,-34.7333,135.8667,63.57,72,76,14.25,AU,1711576361
53,puerto natales,-51.7236,-72.4875,50.45,76,75,8.05,CL,1711576416
54,siwa oasis,29.2041,25.5195,78.4,12,100,10.22,EG,1711576416
55,uturoa,-16.7333,-151.4333,83.41,70,57,16.33,PF,1711576417
56,waitangi,-43.9535,-176.5597,56.82,78,100,3.0,NZ,1711576417
57,rikaze,29.25,88.8833,42.1,47,100,1.92,CN,1711576417
58,bredasdorp,-34.5322,20.0403,64.17,80,100,11.61,ZA,1711576417
59,nirmal,19.1,78.35,83.28,38,5,3.98,IN,1711576417
60,georgetown,5.4112,100.3354,82.35,83,20,2.3,MY,1711576292
61,chimoio,-19.1164,33.4833,67.05,93,82,1.12,MZ,1711576418
62,nizhniy odes,63.6445,54.856,15.01,96,100,4.7,RU,1711576418
63,klyuchi,52.2667,79.1667,36.93,95,98,9.89,RU,1711576418
64,isangel,-19.55,169.2667,82.51,83,75,0.0,VU,1711576368
65,alofi,-19.0595,-169.9187,85.89,79,20,8.05,NU,1711576419
66,praia da vitoria,38.7333,-27.0667,53.85,82,75,29.64,PT,1711576419
67,blackmans bay,-43.0167,147.3167,50.52,83,8,3.29,AU,1711576419
68,kaa-khem,51.6833,94.7333,14.41,86,91,2.75,RU,1711576419
69,dryden,49.7833,-92.7503,17.89,73,100,13.8,CA,1711576399
70,the bottom,17.6259,-63.2492,75.76,74,10,13.67,BQ,1711576419
71,papatowai,-46.5619,169.4708,45.37,76,95,19.28,NZ,1711576420
72,bonthe,7.5264,-12.505,78.33,88,31,5.44,SL,1711576420
73,ulsteinvik,62.3432,5.8487,41.13,76,92,3.0,NO,1711576420
74,kapa'a,22.0752,-159.319,78.78,86,75,17.27,US,1711576420
75,ilulissat,69.2167,-51.1,19.42,86,75,8.05,GL,1711576420
76,la ronge,55.1001,-105.2842,23.25,33,20,16.11,CA,1711576421
77,betio village,1.358,172.9211,86.04,81,64,12.28,KI,1711576421
78,selfoss,63.9331,-20.9971,27.28,57,0,13.6,IS,1711576421
79,puerto ayora,-0.7393,-90.3518,87.76,90,90,5.99,EC,1711576421
80,dalandzadgad,43.5708,104.425,30.85,26,11,6.58,MN,1711576421
81,bolgatanga,10.7856,-0.8514,96.35,32,92,2.55,GH,1711576421
82,khatra,22.9833,86.85,75.13,44,12,4.05,IN,1711576422
83,pathein,16.7833,94.7333,72.36,86,0,8.28,MM,1711576422
84,amboasary,-25.0333,46.3833,69.35,89,5,5.68,MG,1711576422
85,chonchi,-42.6128,-73.8092,65.41,73,18,0.83,CL,1711576422
86,al hufuf,25.3646,49.5653,64.74,45,0,2.3,SA,1711576422
87,turpan,42.9333,89.1667,61.9,32,9,1.83,CN,1711576422
88,floro,61.5996,5.0328,44.67,87,100,11.5,NO,1711576423
89,kristiansund,63.1115,7.732,42.85,70,0,8.05,NO,1711576423
90,leava,-14.3,-178.1667,84.36,69,100,5.39,WF,1711576423
91,alesund,62.4723,6.1549,41.14,81,75,14.97,NO,1711576423
92,edinburgh of the seven seas,-37.0676,-12.3116,66.83,93,100,25.01,SH,1711576423
93,greenville,35.6127,-77.3663,60.15,89,75,6.91,US,1711576424
94,tarawa,1.419,172.984,86.09,79,20,8.05,KI,1711576424
95,mount gambier,-37.8333,140.7667,58.69,78,77,3.87,AU,1711576424
96,macapa,0.0389,-51.0664,85.98,74,40,11.5,BR,1711576338
97,yarmouth,41.7057,-70.2286,52.14,89,100,6.91,US,1711576155
98,qamdo,31.1667,97.2333,18.86,32,70,1.54,CN,1711576424
99,fale old settlement,-9.3852,-171.2468,83.52,77,100,7.0,TK,1711576425
100,ust-nera,64.5667,143.2,14.31,94,100,2.19,RU,1711576425
101,nuuk,64.1835,-51.7216,21.81,93,75,11.5,GL,1711576425
102,qaqortoq,60.7167,-46.0333,19.24,95,10,1.5,GL,1711576425
103,dilling,12.05,29.65,78.13,12,4,7.07,SD,1711576425
104,mareeba,-17.0,145.4333,76.44,93,100,1.63,AU,1711576426
105,mugia,43.1041,-9.2179,44.91,66,80,31.03,ES,1711576426
106,mata de sao joao,-12.5303,-38.2992,82.15,93,70,3.18,BR,1711576278
107,la passe,45.5549,-0.8967,48.43,79,92,28.25,FR,1711576426
108,kodiak,57.79,-152.4072,33.31,69,100,13.8,US,1711576386
109,xining,36.6167,101.7667,35.19,64,96,1.79,CN,1711576426
110,dolores,-36.3132,-57.6792,69.08,75,93,8.19,AR,1711576427
111,luanco,43.6152,-5.7934,48.58,72,96,20.0,ES,1711576427
112,mount pearl,47.5166,-52.7813,34.32,59,75,8.05,CA,1711576427
113,sydney mines,46.2367,-60.2177,37.09,97,100,9.22,CA,1711576428
114,new norfolk,-42.7826,147.0587,51.71,76,26,2.42,AU,1711576428
115,tazovsky,67.4667,78.7,-20.76,100,40,2.48,RU,1711576428
116,anadyr,64.75,177.4833,1.9,77,75,8.95,RU,1711576428
117,saudarkrokur,65.7461,-19.6394,13.82,87,7,4.72,IS,1711576428
118,thinadhoo,0.5333,72.9333,81.95,74,100,4.88,MV,1711576429
119,cooper's town,26.8667,-77.5167,72.82,69,16,8.99,BS,1711576429
120,tieling,42.2931,123.8414,45.84,68,100,18.66,CN,1711576429
121,isafjordur,66.0755,-23.124,22.01,72,38,4.5,IS,1711576429
122,capanema,-1.1958,-47.1808,75.58,97,98,4.38,BR,1711576429
123,luderitz,-26.6481,15.1594,60.37,89,0,16.91,NA,1711576430
124,kimbe,-5.5502,150.1429,81.72,85,67,1.45,PG,1711576430
125,hermanus,-34.4187,19.2345,64.8,82,100,13.94,ZA,1711576430
126,yuzhno-kurilsk,44.0306,145.8556,26.38,89,12,5.44,RU,1711576430
127,luanda,-8.8368,13.2343,84.2,84,75,6.91,AO,1711576205
128,vanino,49.0869,140.2543,28.67,78,43,1.28,RU,1711576430
129,ondjiva,-17.0667,15.7333,71.64,83,0,5.75,AO,1711576366
130,talnakh,69.4865,88.3972,-10.41,95,99,5.26,RU,1711576431
131,ahuacatlan,21.05,-104.4833,93.9,5,0,7.14,MX,1711576431
132,barra de santo antonio,-9.4047,-35.5072,81.68,78,100,9.1,BR,1711576431
133,villa gesell,-37.2639,-56.973,73.06,77,100,11.83,AR,1711576431
134,tabou,4.423,-7.3528,81.3,88,2,4.97,CI,1711576431
135,jaguaribe,-5.8906,-38.6219,76.39,91,97,6.87,BR,1711576432
136,nicoya,10.1483,-85.452,90.28,55,67,5.82,CR,1711576408
137,nemuro,43.3236,145.575,30.25,76,2,5.1,JP,1711576432
138,al wajh,26.2455,36.4525,73.35,21,0,5.75,SA,1711576432
139,chissamba,-12.1667,17.3333,64.33,90,89,1.7,AO,1711576432
140,gobabis,-22.45,18.9667,63.36,85,99,9.08,NA,1711576432
141,santa ana,33.7456,-117.8678,75.96,57,75,10.36,US,1711576433
142,lompoc,34.6391,-120.4579,69.78,68,20,13.8,US,1711576196
143,cill airne,52.05,-9.5167,35.29,88,41,6.8,IE,1711576433
144,al burayqah,30.4062,19.5739,66.99,69,57,28.21,LY,1711576433
145,susanville,40.4163,-120.653,51.64,58,40,14.97,US,1711576433
146,oyama,36.3,139.8,47.59,49,100,3.18,JP,1711576174
147,xudat,41.631,48.681,46.22,64,1,6.78,AZ,1711576434
148,utrik,11.2278,169.8474,80.13,77,35,20.15,MH,1711576434
149,dolinsk,47.35,142.8,30.42,76,13,6.76,RU,1711576434
150,sultandagi,38.5311,31.2281,51.22,78,29,6.49,TR,1711576434
151,arraial do cabo,-22.9661,-42.0278,75.16,88,75,5.75,BR,1711576435
152,iskateley,67.6803,53.1512,-0.98,99,55,5.99,RU,1711576435
153,vila franca do campo,37.7167,-25.4333,59.41,81,83,27.29,PT,1711576435
154,ottumwa,41.02,-92.4113,46.94,45,0,14.97,US,1711576435
155,vadso,70.0744,29.7487,23.16,68,0,10.36,NO,1711576435
156,sungailiat,-1.85,106.1333,79.25,85,100,5.73,ID,1711576436
157,punta arenas,-53.15,-70.9167,46.51,87,100,3.44,CL,1711576436
158,antalaha,-14.9003,50.2788,75.88,97,100,12.15,MG,1711576436
159,wamba,8.9333,8.6,85.41,28,75,4.14,NG,1711576436
160,thompson,55.7435,-97.8558,21.36,35,100,20.71,CA,1711576436
161,west fargo,46.875,-96.9004,30.2,43,0,18.41,US,1711576299
162,martinopolis,-22.1458,-51.1708,76.32,93,100,6.35,BR,1711576437
163,valle de la pascua,9.2155,-66.0073,92.16,34,86,11.41,VE,1711576437
164,port alfred,-33.5906,26.891,66.18,98,100,7.29,ZA,1711576437
165,petropavlovsk-kamchatsky,53.0452,158.6483,18.19,49,0,6.71,RU,1711576437
166,kuta,-8.7233,115.1723,80.55,88,40,2.3,ID,1711576437
167,enewetak,11.3474,162.3373,80.37,74,96,16.28,MH,1711576438
168,constantia,44.1833,28.65,47.08,90,28,13.15,RO,1711576438
169,barcelos,41.5388,-8.6151,51.94,78,100,19.1,PT,1711576438
170,taguatinga,-12.3857,-46.5711,82.96,57,91,3.53,BR,1711576438
171,kingston,17.997,-76.7936,87.17,60,20,12.66,JM,1711576141
172,dumai,1.6833,101.45,74.71,90,93,1.99,ID,1711576438
173,atafu village,-8.5421,-172.5159,83.82,72,100,4.45,TK,1711576439
174,katsuura,35.1333,140.3,52.83,62,99,5.61,JP,1711576439
175,geraldton,-28.7667,114.6,57.61,94,0,6.91,AU,1711576439
176,guerrero negro,27.9769,-114.0611,72.25,39,0,10.94,MX,1711576251
177,buka,40.8108,69.1986,61.36,60,71,4.63,UZ,1711576439
178,port elizabeth,-33.918,25.5701,68.09,95,75,3.44,ZA,1711576439
179,invercargill,-46.4,168.35,49.01,68,94,18.01,NZ,1711576168
180,suva,-18.1416,178.4415,81.88,83,75,0.0,FJ,1711576440
181,siyabuswa,-25.1132,29.0445,69.57,65,15,5.28,ZA,1711576440
182,kolonia,50.9333,6.95,47.97,83,0,6.91,DE,1711576440
183,constitucion,-35.3333,-72.4167,64.96,72,27,14.74,CL,1711576440
184,beau vallon,-20.4189,57.6953,77.23,83,75,10.36,MU,1711576441
185,st. john's,47.5649,-52.7093,35.15,59,75,8.05,CA,1711576343
186,baikonur,45.6167,63.3167,51.03,84,100,1.01,KZ,1711576441
187,san cristobal,7.7669,-72.225,75.38,64,52,5.32,VE,1711576441
188,hithadhoo,-0.6,73.0833,81.99,75,97,5.59,MV,1711576441
189,fort bragg,35.139,-79.006,67.55,91,100,8.05,US,1711576442
190,collie,-33.3667,116.15,57.18,45,0,3.38,AU,1711576442
191,sinabang,2.4803,96.3801,80.6,79,84,1.48,ID,1711576442
192,thunder bay,48.4001,-89.3168,19.38,68,100,16.11,CA,1711576281
193,letterkenny,54.95,-7.7333,40.89,94,100,7.07,IE,1711576159
194,gazojak,41.1875,61.4036,50.0,70,100,15.5,TM,1711576442
195,labrador city,52.9463,-66.9114,33.71,83,100,21.99,CA,1711576443
196,lihue,21.9789,-159.3672,78.04,88,75,17.27,US,1711576224
197,bowen,-20.0167,148.2333,79.57,84,52,9.69,AU,1711576443
198,vuktyl,63.8567,57.3094,18.1,93,100,3.0,RU,1711576443
199,hukumati azrah,34.1736,69.6457,43.27,92,100,3.8,AF,1711576444
200,hovd,48.0056,91.6419,33.8,43,100,1.63,MN,1711576264
201,kapit,2.0167,112.9333,73.99,100,99,0.72,MY,1711576444
202,kulachi,31.9286,70.4592,70.75,59,97,9.6,PK,1711576444
203,cabedelo,-6.9811,-34.8339,79.47,86,100,6.29,BR,1711576444
204,sirjan,29.452,55.6814,54.41,44,0,2.75,IR,1711576445
205,ulundi,-28.3352,31.4162,66.34,94,54,0.38,ZA,1711576445
206,nouadhibou,20.931,-17.0347,66.18,63,43,14.97,MR,1711576445
207,hamilton,39.1834,-84.5333,50.92,57,75,11.5,US,1711576277
208,remire-montjoly,4.9167,-52.2667,80.64,83,0,4.61,GF,1711576445
209,pierre,44.3683,-100.351,35.28,53,20,5.75,US,1711576238
210,abashiri,44.0213,144.2697,30.69,69,2,4.94,JP,1711576446
211,egilsstadir,65.2653,-14.3948,28.31,100,100,17.27,IS,1711576446
212,lata,40.1629,-8.3327,52.07,89,100,9.4,PT,1711576446
213,lae,-6.7221,146.9847,77.67,73,94,7.38,PG,1711576446
214,moyo,3.6609,31.7247,69.51,85,72,2.51,UG,1711576447
215,nar'yan-mar,67.6713,53.087,-0.89,99,54,5.99,RU,1711576447
216,benjamin constant,-4.3831,-70.0311,78.93,94,40,1.14,BR,1711576447
217,east london,-33.0153,27.9116,69.91,79,100,5.35,ZA,1711576447
218,inhambane,-23.865,35.3833,72.61,80,5,6.58,MZ,1711576447
219,queenstown,-31.8976,26.8753,60.76,92,100,2.91,ZA,1711576448
220,mersa matruh,31.3525,27.2453,70.0,40,0,8.05,EG,1711576448
221,chernyshevskiy,63.0128,112.4714,-31.9,100,97,2.01,RU,1711576448
222,golere,16.2557,-14.1017,87.46,16,36,11.32,SN,1711576448
223,antofagasta,-23.65,-70.4,72.68,72,7,4.52,CL,1711576404
224,arica,-18.475,-70.3042,83.75,61,0,10.36,CL,1711576401
225,sao jose da coroa grande,-8.8978,-35.1478,80.17,84,98,7.23,BR,1711576348
226,chirilagua,13.2203,-88.1386,92.89,48,1,7.81,SV,1711576449
227,margaret river,-33.95,115.0667,58.66,77,0,3.65,AU,1711576424
228,cedeira,43.6797,-8.0209,43.97,81,100,35.14,ES,1711576449
229,solnechnyy,50.7214,136.6319,25.79,85,97,4.72,RU,1711576450
230,chos malal,-37.3781,-70.2709,80.26,19,14,10.58,AR,1711576450
231,ouesso,1.6136,16.0517,75.15,81,88,1.83,CG,1711576450
232,flying fish cove,-10.4217,105.6791,78.48,78,75,9.22,CX,1711576450
233,hatogaya-honcho,35.8342,139.7364,48.18,65,100,5.14,JP,1711576451
234,bogande,12.9714,-0.1436,91.99,30,67,6.71,BF,1711576451
235,lesneven,48.5723,-4.3213,37.58,96,75,10.36,FR,1711576451
236,punta del este,-34.9667,-54.95,71.71,78,75,10.0,UY,1711576451
237,ola,59.5833,151.2833,18.25,90,100,2.84,RU,1711576451
238,coquimbo,-29.9533,-71.3436,64.13,82,75,9.22,CL,1711576397
239,chichiriviche,10.9333,-68.2772,81.64,70,5,8.52,VE,1711576452
240,raton,36.9034,-104.4391,45.21,25,75,3.44,US,1711576452
241,turaif,31.6725,38.6637,62.85,42,0,11.5,SA,1711576452
242,ternate,0.8,127.4,79.88,84,84,5.14,ID,1711576452
243,vernal,40.4555,-109.5287,49.32,29,75,5.01,US,1711576199
244,mar del plata,-38.0023,-57.5575,75.94,72,0,5.99,AR,1711576368
245,campo maior,-4.8278,-42.1686,75.63,94,79,2.73,BR,1711576453
246,nuku'alofa,-21.1333,-175.2,79.14,94,75,2.3,TO,1711576453
247,argo,37.6333,22.7333,63.79,60,25,2.77,GR,1711576454
248,yeonggwang,35.275,126.5094,49.66,86,100,7.72,KR,1711576454
249,neiafu,-18.65,-173.9833,84.88,84,40,6.91,TO,1711576454
250,aripuana,-9.1667,-60.6333,72.37,99,100,3.0,BR,1711576454
251,bathsheba,13.2167,-59.5167,84.81,65,20,11.5,BB,1711576454
252,sitka,57.0531,-135.33,51.69,54,40,3.44,US,1711576455
253,bridgewater,44.3835,-64.5155,43.11,99,100,8.05,CA,1711576455
254,mendota,36.7536,-120.3816,70.27,38,90,6.46,US,1711576455
255,tan-tan,28.438,-11.1032,60.57,62,0,6.44,MA,1711576455
256,keflavik,64.0049,-22.5624,30.63,64,20,14.97,IS,1711576456
257,noshiro,40.2039,140.0242,37.63,62,21,5.99,JP,1711576456
258,tralee,52.2704,-9.7026,36.1,86,52,8.12,IE,1711576456
259,cabo san lucas,22.8909,-109.9124,85.6,41,0,8.05,MX,1711576217
260,carnarvon,-24.8667,113.6333,76.77,53,0,12.59,AU,1711576266
261,kirsanov,52.6549,42.7224,32.14,93,8,11.59,RU,1711576456
262,jumla,29.2747,82.1838,45.66,83,61,3.87,NP,1711576457
263,candelaria,13.9311,121.4233,75.87,95,16,5.41,PH,1711576457
264,lamu,-2.2717,40.902,82.74,75,79,6.42,KE,1711576457
265,berdigestyakh,62.0989,126.6992,-1.21,89,100,6.38,RU,1711576457
266,grande prairie,55.1667,-118.8027,42.98,39,75,10.36,CA,1711576204
267,igarka,67.4667,86.5833,-24.23,100,19,2.84,RU,1711576458
268,adrar,20.5022,-10.0711,72.41,22,100,9.57,MR,1711576458
269,medina,24.4686,39.6142,82.83,15,0,9.22,SA,1711576347
270,vorgashor,67.5833,63.95,-12.66,100,77,4.65,RU,1711576241
271,cidreira,-30.1811,-50.2056,73.11,77,76,15.1,BR,1711576458
272,eyl,7.9803,49.8164,81.93,74,50,16.44,SO,1711576459
273,nanakuli,21.3906,-158.1547,80.55,71,100,8.05,US,1711576459
274,oodweyne,9.4092,45.064,75.34,61,76,3.13,SO,1711576459
275,palmas de monte alto,-14.2672,-43.1619,84.96,44,76,8.7,BR,1711576459
276,khanty-mansiysk,61.0042,69.0019,14.11,79,100,15.66,RU,1711576459
277,smithers,54.7804,-127.1743,48.52,40,75,3.44,CA,1711576459
278,ruma,45.0081,19.8222,60.58,72,100,19.64,RS,1711576460
279,lamarque,-39.423,-65.7021,74.32,33,87,13.2,AR,1711576460
280,kasama,-10.2129,31.1808,62.67,98,35,3.56,ZM,1711576460
281,saipan,15.1355,145.701,79.65,1,40,4.61,MP,1711576460
282,lyambir',54.2817,45.1249,34.27,92,7,15.99,RU,1711576460
283,happy valley-goose bay,53.3168,-60.3315,32.31,100,100,5.75,CA,1711576461
284,celestun,20.8667,-90.4,81.79,74,2,11.5,MX,1711576461
285,puerto deseado,-47.7503,-65.8938,57.83,55,6,21.03,AR,1711576279
286,boguchany,58.3814,97.4531,4.86,98,100,3.0,RU,1711576461
287,sao joao da barra,-21.6403,-41.0511,77.09,90,97,9.17,BR,1711576461
288,starke,29.9441,-82.1098,75.52,83,40,17.27,US,1711576462
289,mccook,40.2019,-100.6257,54.05,45,0,5.75,US,1711576462
290,kinmparana,12.8402,-4.9199,93.54,32,97,7.94,ML,1711576462
291,kyren,51.6828,102.1408,19.94,86,99,1.99,RU,1711576462
292,revda,56.801,59.9303,33.8,99,100,5.86,RU,1711576463
293,brookings,44.3114,-96.7984,27.18,66,0,18.41,US,1711576444
294,nadym,65.5333,72.5167,-11.18,100,94,5.53,RU,1711576463
295,fort mcmurray,56.7268,-111.381,22.59,79,100,17.27,CA,1711576307
296,kiffa,16.6166,-11.4045,84.85,20,78,7.92,MR,1711576463
297,flin flon,54.7682,-101.865,24.64,33,0,4.61,CA,1711576189
298,kapuskasing,49.4169,-82.4331,32.09,69,100,20.71,CA,1711576262
299,polyarnyy,69.1989,33.4478,10.29,95,24,10.69,RU,1711576464
300,wailua homesteads,22.0669,-159.378,77.43,86,75,17.27,US,1711576464
301,atar,20.5169,-13.0499,74.43,23,100,7.43,MR,1711576464
302,suntar,62.1444,117.6319,-12.08,100,94,3.91,RU,1711576464
303,bismarck,46.8083,-100.7837,26.44,51,0,9.22,US,1711576465
304,taoudenni,22.6783,-3.9836,75.0,13,0,5.7,ML,1711576465
305,stony plain,53.5334,-114.0021,53.35,32,75,12.66,CA,1711576369
306,yigo village,13.5361,144.8886,78.12,90,100,11.5,GU,1711576465
307,luena,-11.7833,19.9167,66.38,94,100,4.61,AO,1711576465
308,ulanhot,46.0833,122.0833,28.98,47,32,27.56,CN,1711576466
309,port augusta,-32.5,137.7667,63.3,51,11,5.41,AU,1711576466
310,arkhangel'sk,64.5401,40.5433,10.51,92,0,2.24,RU,1711576466
311,tolanaro,-25.0319,46.9987,71.67,94,75,16.11,MG,1711576466
312,palmer,42.1584,-72.3287,57.67,73,100,5.75,US,1711576467
313,lebu,-37.6167,-73.65,59.54,84,0,14.58,CL,1711576467
314,nizhneangarsk,55.7833,109.55,-8.39,85,60,7.85,RU,1711576467
315,ambon,-3.6954,128.1814,81.88,95,40,3.44,ID,1711576467
316,ribeira brava,32.65,-17.0667,65.01,81,61,13.2,PT,1711576468
317,dudinka,69.4058,86.1778,-15.32,99,98,5.01,RU,1711576468
318,tejen,37.3834,60.5054,51.42,61,20,20.76,TM,1711576468
319,colonia,50.9333,6.95,47.97,83,0,6.91,DE,1711576440
320,porto novo,6.4965,2.6036,85.82,79,82,9.66,BJ,1711576468
321,dosso,13.049,3.1937,93.69,28,59,14.81,NE,1711576469
322,ishikawa,26.4233,127.8214,66.16,74,0,4.61,JP,1711576469
323,butembo,0.15,29.2833,58.73,98,98,0.49,CD,1711576469
324,sola,-13.8833,167.55,81.27,94,100,0.0,VU,1711576469
325,guarapari,-20.6667,-40.4975,77.9,90,98,6.44,BR,1711576357
326,ruidoso,33.3317,-105.673,51.04,23,0,16.11,US,1711576470
327,contamana,-7.3333,-75.0167,86.07,60,99,2.37,PE,1711576470
328,marabba,12.35,32.1833,82.02,9,15,9.01,SD,1711576470
329,bubaque,11.2833,-15.8333,77.2,71,3,16.08,GW,1711576470
330,elverum,60.8819,11.5623,34.65,100,100,2.82,NO,1711576471
331,varkaus,62.3153,27.873,32.31,98,100,6.93,FI,1711576471
332,khorixas,-20.3667,14.9667,70.88,75,100,9.6,NA,1711576471
333,sittwe,20.15,92.9,73.98,76,1,6.44,MM,1711576471
334,ust-tsilma,65.441,52.1498,-4.4,100,92,1.99,RU,1711576471
335,zouerate,22.7187,-12.4521,67.21,28,14,8.05,MR,1711576472
336,jayapura,-2.5333,140.7,76.39,91,99,5.26,ID,1711576386
337,kalevala,65.2,31.1667,25.09,85,100,3.0,RU,1711576472
338,bukene,-4.2333,32.8833,66.15,93,45,3.29,TZ,1711576472
339,tazacorte,28.629,-17.9293,63.57,82,40,4.0,ES,1711576473
340,green river,41.5286,-109.4662,44.98,42,46,8.01,US,1711576473
341,oranjemund,-28.55,16.4333,59.97,97,25,6.69,NA,1711576473
342,sinan,34.8262,126.1086,50.11,91,100,12.46,KR,1711576473
343,plaza huincul,-38.926,-69.2086,78.15,10,6,4.0,AR,1711576474
344,crane,31.3974,-102.3501,68.99,13,65,17.54,US,1711576474
345,ancud,-41.8697,-73.8203,58.53,72,0,3.8,CL,1711576474
346,zarghun shahr,32.8473,68.4457,48.0,80,100,3.94,AF,1711576474
347,ziro,27.6333,93.8333,43.05,90,23,2.51,IN,1711576474
348,natal,-5.795,-35.2094,77.65,94,75,5.75,BR,1711576250
349,tierp,60.3427,17.5181,33.62,96,87,2.8,SE,1711576475
350,shanhaiguan,39.9988,119.7564,44.73,78,3,3.8,CN,1711576475
351,zaragoza,41.6561,-0.8773,61.25,56,75,11.5,ES,1711576373
352,la junta,37.985,-103.5438,57.06,35,65,8.95,US,1711576475
353,kitimat,54.0524,-128.6534,53.91,56,100,3.0,CA,1711576388
354,tura,25.5198,90.2201,67.73,69,31,3.4,IN,1711576476
355,sur,22.5667,59.5289,75.94,63,99,1.32,OM,1711576476
356,kenora,49.8167,-94.4337,18.57,73,100,13.8,CA,1711576183
357,okha,53.5739,142.9478,20.82,91,86,7.52,RU,1711576476
358,hasaki,35.7333,140.8333,45.28,52,100,6.35,JP,1711576476
359,florence,43.7667,11.25,51.24,84,20,2.3,IT,1711576476
360,eagleton village,35.7951,-83.9318,67.89,47,75,5.75,US,1711576477
361,fairfield,41.2668,-73.3162,51.67,73,100,4.61,US,1711576341
362,baganga,7.5739,126.56,77.86,87,100,4.38,PH,1711576477
363,nantucket,41.2835,-70.0995,50.14,92,100,13.8,US,1711576191
364,orapa,-21.2833,25.3667,73.24,50,78,14.14,BW,1711576477
365,pangody,65.85,74.4859,-14.85,100,83,5.73,RU,1711576478
366,piti village,13.4626,144.6933,79.68,90,100,11.5,GU,1711576478
367,tsiombe,-25.3,45.4833,71.87,86,41,10.49,MG,1711576478
368,nyurba,63.2842,118.3319,-14.84,100,90,3.42,RU,1711576478
369,filadelfia,39.9523,-75.1638,49.33,94,100,9.22,US,1711576365
370,ore,6.7457,4.8775,80.71,86,92,2.35,NG,1711576479
371,mamuju,-2.6748,118.8885,77.41,91,100,3.24,ID,1711576479
372,kolobrzeg,54.1757,15.5834,49.46,85,94,10.71,PL,1711576479
373,tambacounda,13.7539,-13.7586,95.05,26,0,4.61,SN,1711576480
374,tyuratam,45.6507,63.3156,50.83,84,100,0.51,KZ,1711576480
375,irtyshsk,53.3333,75.4572,33.89,99,100,5.55,KZ,1711576480
376,viedma,-40.8135,-62.9967,66.47,56,97,10.38,AR,1711576441
377,saldanha,-33.0117,17.9442,62.65,88,3,11.95,ZA,1711576480
378,bat khela,34.6167,71.9714,63.28,67,100,4.38,PK,1711576481
379,palmares do sul,-30.2578,-50.5097,72.05,77,7,13.65,BR,1711576481
380,kailua-kona,19.6406,-155.9956,81.28,76,75,13.8,US,1711576240
381,aykhal,66.0,111.5,-25.96,100,58,5.08,RU,1711576481
382,zeya,53.75,127.2667,29.48,88,100,12.08,RU,1711576481
383,sevsk,52.1491,34.4926,36.81,87,88,7.72,RU,1711576482
384,portland,45.5234,-122.6762,55.44,87,75,11.99,US,1711576404
385,ekangala,-25.6962,28.7492,67.93,54,94,3.22,ZA,1711576482
386,watsa,3.0372,29.5355,65.39,96,100,3.09,CD,1711576482
387,pohang,36.0322,129.365,49.28,74,100,5.28,KR,1711576483
388,saint-joseph,-21.3667,55.6167,73.78,82,100,10.02,RE,1711576483
389,chikhli,20.35,76.25,86.65,20,26,5.55,IN,1711576483
390,tughyl,47.7252,84.2063,31.26,94,98,1.5,KZ,1711576483
391,policoro,40.2115,16.6726,57.97,56,84,8.99,IT,1711576483
392,broome,42.2506,-75.833,57.2,79,40,10.36,US,1711576484
393,roses,42.262,3.1769,58.14,77,99,8.99,ES,1711576484
394,chicoana,-25.1009,-65.5331,78.85,75,99,0.69,AR,1711576484
395,villamontes,-21.25,-63.5,94.44,38,0,0.0,BO,1711576401
396,oudtshoorn,-33.5907,22.2014,62.96,87,93,3.74,ZA,1711576484
397,dzhambeyty,50.2536,52.595,32.38,98,100,17.47,KZ,1711576485
398,ambodifotatra,-16.9833,49.85,79.41,85,100,15.35,MG,1711576485
399,tateyama,34.9833,139.8667,50.09,65,100,6.33,JP,1711576485
400,mancio lima,-7.6142,-72.8958,91.47,62,20,5.75,BR,1711576485
401,jabor,5.921,169.6434,82.4,80,58,16.2,MH,1711576485
402,jertih,5.7336,102.4897,75.36,92,99,2.42,MY,1711576486
403,lipayran,11.0593,123.6342,81.18,83,86,9.51,PH,1711576486
404,touros,-5.1989,-35.4608,77.67,88,99,5.66,BR,1711576486
405,itaparica,-12.8883,-38.6786,82.33,86,43,8.66,BR,1711576470
406,khovd,48.0056,91.6419,33.8,43,100,1.63,MN,1711576487
407,calipatria,33.1256,-115.5142,79.29,28,40,3.85,US,1711576487
408,karakol,42.4907,78.3936,44.42,53,97,3.8,KG,1711576487
409,pundong,-7.9522,110.3486,78.33,83,100,3.13,ID,1711576487
410,taltal,-25.4,-70.4833,70.25,76,23,4.61,CL,1711576220
411,gamay,12.3854,125.2979,78.39,93,77,7.92,PH,1711576487
412,prainha,-1.8,-53.48,80.29,81,40,2.8,BR,1711576488
413,aswan,24.0934,32.907,78.1,12,0,3.44,EG,1711576488
414,mount isa,-20.7333,139.5,73.17,83,46,4.61,AU,1711576488
415,lugovoye,42.9094,72.7178,53.71,74,68,6.2,KZ,1711576488
416,shirgaon,19.7,72.7,78.17,77,11,4.18,IN,1711576488
417,kralendijk,12.15,-68.2667,87.78,58,75,3.44,BQ,1711576489
418,chigasaki,35.3261,139.4039,50.09,68,100,5.61,JP,1711576489
419,el calafate,-50.3408,-72.2768,52.68,76,71,6.93,AR,1711576243
420,ketchikan,55.3422,-131.6461,51.35,61,0,11.5,US,1711576255
421,sao vicente,-23.9631,-46.3919,75.38,78,100,5.01,BR,1711576364
422,emmett,43.8735,-116.4993,60.57,35,100,1.99,US,1711576489
423,lorengau,-2.0226,147.2712,82.53,79,86,2.73,PG,1711576490
424,altai,46.3722,96.2583,27.36,36,93,4.76,MN,1711576490
425,juneau,58.3019,-134.4197,48.11,85,0,10.36,US,1711576429
426,hadibu,12.65,54.0333,79.7,78,80,8.97,YE,1711576490
427,diego de almagro,-26.3667,-70.05,74.5,44,0,9.15,CL,1711576490
428,midland,31.9974,-102.0779,70.47,15,40,19.57,US,1711576248
429,birjand,32.8663,59.2211,50.47,34,0,13.8,IR,1711576278
430,da nang,16.0678,108.2208,76.98,94,40,1.14,VN,1711576491
431,howrah,22.5892,88.3103,78.8,94,40,3.44,IN,1711576491
432,kedainiai,55.2883,23.9747,49.14,65,51,14.32,LT,1711576492
433,roshal',55.6685,39.8749,25.34,99,54,3.02,RU,1711576492
434,buala,-8.145,159.5921,83.8,76,57,0.74,SB,1711576492
435,banda aceh,5.5577,95.3222,79.72,79,88,5.41,ID,1711576466
436,goundi,9.3627,17.366,93.06,24,99,3.91,TD,1711576492
437,mili,6.0815,171.735,81.7,82,99,18.7,MH,1711576492
438,key largo,25.0865,-80.4473,82.4,63,19,9.19,US,1711576333
439,vallam,10.7167,79.0833,80.65,92,5,4.97,IN,1711576493
440,teruel,40.6667,-0.6667,43.27,88,98,33.53,ES,1711576493
441,hobyo,5.3505,48.5268,83.37,71,78,17.29,SO,1711576493
442,carthage,36.8611,10.3316,56.73,62,20,4.61,TN,1711576493
443,mwinilunga,-11.7358,24.4293,65.61,96,100,1.19,ZM,1711576493
444,whakatane,-37.9585,176.9854,66.51,78,21,4.0,NZ,1711576494
445,suoyarvi,62.0833,32.35,30.11,98,100,5.7,RU,1711576494
446,el granada,37.5027,-122.4694,64.24,81,100,17.27,US,1711576361
447,khandyga,62.6667,135.6,16.38,97,100,2.35,RU,1711576494
448,joshimath,30.5667,79.5667,53.53,62,92,7.27,IN,1711576494
449,elliot,-31.3333,27.85,57.49,95,100,3.49,ZA,1711576495
450,santa cruz,-17.8,-63.1667,96.85,28,20,16.11,BO,1711576441
451,valdivia,-39.8142,-73.2459,73.49,68,1,2.19,CL,1711576435
452,pontes e lacerda,-15.2261,-59.3353,75.18,91,85,3.0,BR,1711576461
453,sovetskaya,44.7769,41.1722,39.72,92,4,5.19,RU,1711576495
454,san patricio,28.017,-97.5169,75.15,46,8,9.08,US,1711576495
455,ferkessedougou,9.6,-5.2,90.81,42,72,1.32,CI,1711576496
456,bikenibeu village,1.3673,173.1241,85.96,79,20,8.05,KI,1711576496
457,sorong,-0.8833,131.25,80.46,85,98,9.19,ID,1711576496
458,bryne,58.7354,5.6477,44.56,91,75,5.75,NO,1711576496
459,les avirons,-21.2418,55.3394,71.69,73,100,8.05,RE,1711576496
460,fiambala,-27.6871,-67.6149,76.8,52,62,9.69,AR,1711576496
461,hilo,19.7297,-155.09,78.53,79,75,11.5,US,1711576497
462,vernon,50.2581,-119.2691,47.01,74,100,2.3,CA,1711576497
463,laguna,38.421,-121.4238,59.29,79,100,5.75,US,1711576269
464,hafar al-batin,28.4328,45.9708,68.58,34,0,5.75,SA,1711576497
465,padampur,29.6833,73.6167,76.69,31,94,8.01,IN,1711576497
466,saint croix,17.7397,-64.7388,76.96,73,85,3.0,VI,1711576498
467,pacific grove,36.6177,-121.9166,61.41,78,100,16.11,US,1711576432
468,puerto cabezas,14.0351,-83.3888,85.96,84,75,13.8,NI,1711576498
469,callao,-12.0667,-77.15,79.09,65,0,20.71,PE,1711576498
470,isla mujeres,21.2311,-86.731,87.17,73,94,17.09,MX,1711576498
471,choibalsan,48.0667,114.5,7.75,73,2,16.49,MN,1711576499
472,grand falls-windsor,48.9332,-55.6649,40.5,56,100,3.0,CA,1711576499
473,langzhong,31.5504,105.9938,55.51,74,2,1.41,CN,1711576499
474,amga,60.8953,131.9608,24.66,97,100,3.4,RU,1711576499
475,mahina,-17.5065,-149.489,89.37,58,40,8.05,PF,1711576499
476,island harbour,50.724,-1.2758,49.98,86,99,18.01,GB,1711576499
477,pijao,4.3342,-75.7035,68.99,73,75,9.22,CO,1711576500
478,port saint john's,-31.6229,29.5448,71.17,92,100,7.45,ZA,1711576500
479,kemijarvi,66.7131,27.4306,13.98,98,54,5.17,FI,1711576500
480,zhangjiakou,40.81,114.8794,30.34,19,0,16.11,CN,1711576500
481,impfondo,1.6381,18.0667,75.38,77,95,2.71,CG,1711576500
482,poronaysk,49.2167,143.1167,24.31,77,48,1.77,RU,1711576501
483,san antonio de pale,-1.4014,5.6325,84.31,75,85,2.73,GQ,1711576501
484,coyhaique,-45.5752,-72.0662,62.55,51,40,5.75,CL,1711576501
485,bay roberts,47.5999,-53.2648,35.51,66,98,6.26,CA,1711576501
486,havre,49.5833,0.3333,46.8,81,0,18.41,FR,1711576501
487,khash,28.2211,61.2158,60.82,42,100,2.48,IR,1711576502
488,karratha,-20.7377,116.8463,80.65,52,0,7.9,AU,1711576502
489,kruisfontein,-34.0033,24.7314,65.88,90,100,3.56,ZA,1711576502
490,pokrovsk,48.282,37.1758,49.39,59,100,2.89,UA,1711576502
491,pemangkat,1.1667,108.9667,75.72,90,100,6.98,ID,1711576502
492,kudahuvadhoo,2.6708,72.8944,84.22,68,69,9.06,MV,1711576503
493,broken hill,-31.95,141.4333,62.65,38,22,13.35,AU,1711576448
494,jalna,19.8333,75.8833,89.11,24,59,7.45,IN,1711576503
495,weno,7.4515,151.8468,82.35,83,100,8.05,FM,1711576504
496,vila velha,-20.3297,-40.2925,78.75,84,40,11.99,BR,1711576447
497,saint-philippe,-21.3585,55.7679,74.79,85,100,10.56,RE,1711576504
498,panaba,21.2833,-88.2667,86.54,63,48,16.26,MX,1711576504
499,thiruvaiyaru,10.8841,79.1036,81.09,91,6,4.94,IN,1711576504
500,kalabo,-14.97,22.6814,76.84,52,100,1.23,ZM,1711576505
501,kyzyl-suu,42.3414,78.0056,45.7,51,83,6.42,KG,1711576505
502,taro,-8.3862,115.28,73.4,88,97,0.29,ID,1711576505
503,aras-asan,8.8908,126.3033,77.29,89,100,2.3,PH,1711576505
504,sultanah,24.4926,39.5857,82.85,15,0,9.22,SA,1711576506
505,dickinson,29.4608,-95.0513,69.04,58,75,8.05,US,1711576506
506,monywa,22.1167,95.1333,80.62,36,94,8.01,MM,1711576506
507,biloxi,30.396,-88.8853,77.0,33,0,13.8,US,1711576268
508,tbeng meanchey,13.8167,104.9667,78.93,59,34,1.92,KH,1711576506
509,fada,9.5667,8.3,81.55,20,90,3.33,NG,1711576507
510,taulaga,-11.0553,-171.0883,84.4,71,94,7.65,AS,1711576507
511,la maddalena,41.2142,9.4083,55.56,70,24,23.38,IT,1711576507
512,san miguel,13.4833,-88.1833,94.6,46,0,10.36,SV,1711576507
513,mao,39.8885,4.2658,59.56,88,75,17.27,ES,1711576288
514,kangding,30.0513,101.9603,38.59,48,0,6.8,CN,1711576508
515,san jose,37.3394,-121.895,64.36,63,100,8.99,US,1711576349
516,pauini,-7.7136,-66.9764,78.26,97,100,2.75,BR,1711576508
517,sisimiut,66.9395,-53.6735,9.9,94,74,8.63,GL,1711576508
518,pisco,-13.7,-76.2167,78.85,69,0,14.97,PE,1711576337
519,shingu,33.7333,135.9833,51.06,71,100,4.5,JP,1711576509
520,bodaybo,57.8506,114.1933,-9.54,100,86,1.9,RU,1711576509
521,susuman,62.7833,148.1667,2.98,98,97,1.01,RU,1711576509
522,naze,28.3667,129.4833,65.32,66,94,13.33,JP,1711576509
523,kristinestad,62.2743,21.376,36.1,92,97,9.69,FI,1711576509
524,demre,36.2537,29.9777,60.6,53,0,5.32,TR,1711576510
525,san juan,-31.5375,-68.5364,91.8,27,3,10.36,AR,1711576351
526,enshi,30.3,109.4833,55.53,91,93,1.45,CN,1711576510
527,castillos,-34.1667,-53.8333,64.96,78,86,6.17,UY,1711576510
528,burao,9.5221,45.5336,73.72,67,83,7.34,SO,1711576510
529,kuragino,53.8975,92.6725,26.76,94,100,2.98,RU,1711576511
530,magdagachi,53.45,125.8,27.05,95,100,14.0,RU,1711576511
531,kijang,35.2442,129.2139,47.93,78,100,5.23,KR,1711576511
532,burutu,5.3509,5.5076,83.44,82,49,8.43,NG,1711576511
533,tamanrasset,22.785,5.5228,64.31,14,0,5.75,DZ,1711576511
534,dawesville,30.9224,-84.0091,66.67,97,100,5.75,US,1711576511
535,nago,26.5881,127.9761,66.15,72,94,11.79,JP,1711576512
536,prince rupert,54.3161,-130.3201,53.69,43,40,9.22,CA,1711576486
537,bechar,31.6167,-2.2167,62.92,12,2,11.5,DZ,1711576512
538,el nido,11.1858,119.3956,81.37,84,88,6.85,PH,1711576512
539,south berwick,43.2345,-70.8095,56.48,78,100,5.75,US,1711576236
540,rymarov,49.9318,17.2718,52.72,82,90,13.4,CZ,1711576513
541,carignano,44.9069,7.6732,45.12,86,69,8.05,IT,1711576513
542,hammerfest,70.6634,23.6821,25.25,80,40,13.8,NO,1711576513
543,port macquarie,-31.4333,152.9167,68.9,86,14,3.67,AU,1711576514
544,rio grande,-32.035,-52.0986,75.31,72,92,11.16,BR,1711576234
545,mejit,10.2753,170.8646,80.74,77,53,20.09,MH,1711576514
546,san luis de la loma,17.2706,-100.8939,81.37,51,6,6.87,MX,1711576514
547,atbasar,51.8,68.3333,34.02,91,52,7.7,KZ,1711576367
548,margate,51.3813,1.3862,48.9,82,99,8.01,GB,1711576377
549,bhan,26.5583,67.7214,83.7,29,100,14.97,PK,1711576515
550,baligang,13.1537,123.6432,75.97,91,98,5.53,PH,1711576515
551,firuzabad,28.8438,52.5707,52.12,59,1,4.9,IR,1711576515
552,chiredzi,-21.05,31.6667,71.2,68,78,3.02,ZW,1711576515
553,mitsamiouli,-11.3847,43.2844,80.83,81,100,1.43,KM,1711576516
554,tarija,-21.5355,-64.7296,76.91,50,40,9.22,BO,1711576516
